"Rank","Player","Team","Bye","POS","ESPN","Sleeper","CBS","NFL","RTSports","Fantrax","AVG","Real-Time (?)"
"1","Ja'Marr Chase","CIN","10","WR1","1","1","1","1","1","1","1.0","1"
"2","Bijan Robinson","ATL","5","RB1","2","3","2","2","2","2","2.2","2"
"3","Saquon Barkley","PHI","9","RB2","3","2","3","4","4","6","3.7","3"
"4","Jahmyr Gibbs","DET","8","RB3","5","4","4","6","3","4","4.3","4"
"5","Justin Jefferson","MIN","6","WR2","4","5","6","5","6","3","4.8","6  -1"
"6","CeeDee Lamb","DAL","10","WR3","6","6","5","3","5","5","5.0","5  +1"
"7","Christian McCaffrey","SF","14","RB4","7","10","8","11","7","7","8.3","8  -1"
"8","Amon-Ra St. Brown","DET","8","WR4","9","8","12","8","10","11","9.7","7  +1"
"9","Malik Nabers","NYG","14","WR5","10","11","11","9","9","9","9.8","10  -1"
"10","Derrick Henry","BAL","7","RB5","12","7","7","10","12","13","10.2","9  +1"
"11","Ashton Jeanty","LV","8","RB6","11","12","9","12","8","10","10.3","12  -1"
"12","Puka Nacua","LAR","8","WR6","8","9","14","7","18","8","10.7","13  -1"
"13","Nico Collins","HOU","6","WR7","13","13","13","16","11","12","13.0","11  +2"
"14","De'Von Achane","MIA","12","RB7","14","14","16","14","17","15","15.0","16  -2"
"15","Brian Thomas Jr.","JAC","8","WR8","16","15","20","13","15","14","15.5","14  +1"
"16","Josh Jacobs","GB","5","RB8","17","16","10","19","13","21","16.0","17  -1"
"17","Drake London","ATL","5","WR9","21","17","24","20","19","16","19.5","15  +2"
"18","Brock Bowers","LV","8","TE1","20","19","23","17","22","17","19.7","20  -2"
"19","Jonathan Taylor","IND","11","RB9","15","23","21","22","20","19","20.0","22  -3"
"20","A.J. Brown","PHI","9","WR10","18","18","27","15","23","20","20.2","18  +2"
"21","Josh Allen","BUF","7","QB1","19","20","15","21","25","24","20.7","23  -2"
"22","Chase Brown","CIN","10","RB10","24","27","19","27","14","18","21.5","21  +1"
"23","Bucky Irving","TB","9","RB11","22","22","22","24","16","23","21.5","19  +4"
"24","Lamar Jackson","BAL","7","QB2","23","21","17","18","24","29","22.0","25  -1"
"25","Kyren Williams","LAR","8","RB12","29","25","18","25","21","26","24.0","26  -1"
"26","Ladd McConkey","LAC","12","WR11","30","24","29","23","30","22","26.3","24  +2"
"27","Trey McBride","ARI","8","TE2","25","28","35","26","28","25","27.8","27"
"28","James Cook","BUF","7","RB13","32","32","26","30","27","35","30.3","29  -1"
"29","Tee Higgins","CIN","10","WR12","26","30","32","32","36","28","30.7","28  +1"
"30","Jayden Daniels","WAS","12","QB3","27","31","30","29","34","36","31.2","31  -1"
"31","Tyreek Hill","MIA","12","WR13","31","26","39","36","31","30","32.2","33  -2"
"32","Joe Burrow","CIN","10","QB4","33","36","25","35","37","38","34.0","43  -11"
"33","Jaxon Smith-Njigba","SEA","8","WR14","37","29","40","39","35","27","34.5","30  +3"
"34","Jalen Hurts","PHI","9","QB5","28","33","31","34","43","41","35.0","35  -1"
"35","Omarion Hampton","LAC","12","RB14","39","41","37","45","26","31","36.5","32  +3"
"36","Alvin Kamara","NO","11","RB15","38","38","28","44","29","43","36.7","41  -5"
"37","Breece Hall","NYJ","9","RB16","51","35","41","31","32","34","37.3","39  -2"
"38","George Kittle","SF","14","TE3","35","37","38","38","41","40","38.2","36  +2"
"39","Mike Evans","TB","9","WR15","42","39","36","33","48","37","39.2","34  +5"
"40","Terry McLaurin","WAS","12","WR16","36","42","45","28","40","45","39.3","37  +3"
"41","Garrett Wilson","NYJ","9","WR17","41","34","51","37","45","32","40.0","38  +3"
"42","Davante Adams","LAR","8","WR18","34","43","34","48","42","39","40.0","44  -2"
"43","Kenneth Walker III","SEA","8","RB17","46","44","33","40","38","46","41.2","42  +1"
"44","Marvin Harrison Jr.","ARI","8","WR19","44","40","46","41","44","33","41.3","40  +4"
"45","Chuba Hubbard","CAR","14","RB18","40","46","44","55","39","49","45.5","48  -3"
"46","TreVeyon Henderson","NE","14","RB19","48","54","43","54","33","42","45.7","45  +1"
"47","James Conner","ARI","8","RB20","45","47","42","49","46","54","47.2","46  +1"
"48","DK Metcalf","PIT","5","WR20","47","45","48","52","54","51","49.5","47  +1"
"49","DJ Moore","CHI","5","WR21","54","50","52","46","53","44","49.8","50  -1"
"50","Patrick Mahomes II","KC","10","QB6","43","49","47","42","62","58","50.2","52  -2"
"51","Courtland Sutton","DEN","12","WR22","57","51","53","56","50","48","52.5","51"
"52","Sam LaPorta","DET","8","TE4","49","48","58","43","67","56","53.5","49  +3"
"53","Xavier Worthy","KC","10","WR23","50","57","50","68","56","47","54.7","55  -2"
"54","D'Andre Swift","CHI","5","RB21","53","68","49","58","47","69","57.3","62  -8"
"55","DeVonta Smith","PHI","9","WR24","61","55","59","60","61","50","57.7","54  +1"
"56","David Montgomery","DET","8","RB22","59","53","57","67","59","62","59.5","63  -7"
"57","Jameson Williams","DET","8","WR25","66","64","64","51","60","53","59.7","59  -2"
"58","Isiah Pacheco","KC","10","RB23","63","59","65","59","55","67","61.3","57  +1"
"59","Zay Flowers","BAL","7","WR26","55","56","63","73","69","55","61.8","64  -5"
"60","Tetairoa McMillan","CAR","14","WR27","71","62","66","72","52","52","62.5","53  +7"
"61","RJ Harvey","DEN","12","RB24","75","63","55","70","49","64","62.7","56  +5"
"62","Travis Kelce","KC","10","TE5","58","61","61","57","64","77","63.0","65  -3"
"63","Baker Mayfield","TB","9","QB7","52","65","54","61","73","74","63.2","71  -8"
"64","Calvin Ridley","TEN","10","WR28","60","70","67","66","57","60","63.3","66  -2"
"65","T.J. Hockenson","MIN","6","TE6","56","58","69","50","80","71","64.0","60  +5"
"66","George Pickens","DAL","10","WR29","65","60","62","75","63","61","64.3","58  +8"
"67","Aaron Jones Sr.","MIN","6","RB25","69","67","56","77","58","65","65.3","73  -6"
"68","Tony Pollard","TEN","10","RB26","70","73","60","78","51","68","66.7","61  +7"
"69","Rashee Rice","KC","10","WR30","62","52","83","47","79","84","67.8","72  -3"
"70","Travis Hunter","JAC","8","WR31","74","66","84","62","71","59","69.3","67  +3"
"71","Bo Nix","DEN","12","QB8","68","71","68","65","78","76","71.0","69  +2"
"72","Jaylen Waddle","MIA","12","WR32","64","69","80","84","75","57","71.5","68  +4"
"73","Mark Andrews","BAL","7","TE7","73","72","72","53","93","82","74.2","70  +3"
"74","Jerry Jeudy","CLE","9","WR33","67","74","70","99","65","70","74.2","78  -4"
"75","Kaleb Johnson","PIT","5","RB27","93","78","79","80","74","73","79.5","77  -2"
"76","Tyrone Tracy Jr.","NYG","14","RB28","81","87","71","101","66","79","80.8","79  -3"
"77","Rome Odunze","CHI","5","WR34","76","80","99","89","82","63","81.5","75  +2"
"78","Chris Olave","NO","11","WR35","84","76","101","87","77","66","81.8","76  +2"
"79","Deebo Samuel Sr.","WAS","12","WR36","94","81","75","96","88","72","84.3","84  -5"
"80","Evan Engram","DEN","12","TE8","78","77","97","74","90","90","84.3","80"
"81","David Njoku","CLE","9","TE9","72","83","74","85","100","95","84.8","83  -2"
"82","Stefon Diggs","NE","14","WR37","88","88","91","95","85","78","87.5","87  -5"
"83","Kyler Murray","ARI","8","QB9","77","94","81","81","106","88","87.8","90  -7"
"84","Jaylen Warren","PIT","5","RB29","85","95","88","107","72","83","88.3","85  -1"
"85","Ricky Pearsall","SF","14","WR38","97","96","73","110","68","92","89.3","82  +3"
"86","Emeka Egbuka","TB","9","WR39","87","93","82","120","70","86","89.7","74  +12"
"87","Jakobi Meyers","LV","8","WR40","82","82","85","119","95","75","89.7","89  -2"
"88","Cooper Kupp","SEA","8","WR41","83","84","95","109","89","81","90.2","97  -9"
"89","Tyler Warren","IND","11","TE10","89","85","96","88","92","93","90.5","81  +8"
"90","Matthew Golden","GB","5","WR42","80","91","100","115","83","91","93.3","86  +4"
"91","Jordan Addison","MIN","6","WR43","109","86","103","94","97","80","94.8","92  -1"
"92","Travis Etienne Jr.","JAC","8","RB30","117","92","90","121","86","89","99.2","91  +1"
"93","Brock Purdy","SF","14","QB10","79","109","89","106","120","97","100.0","96  -3"
"94","Dak Prescott","DAL","10","QB11","101","114","78","117","94","106","101.7","93  +1"
"95","Khalil Shakir","BUF","7","WR44","106","98","118","103","103","85","102.2","100  -5"
"96","Jacory Croskey-Merritt","WAS","12","RB31","86","134","77","149","81","87","102.3","98  -2"
"97","Chris Godwin Jr.","TB","9","WR45","99","101","107","91","107","111","102.7","111  -14"
"98","Cam Skattebo","NYG","14","RB32","107","100","117","100","98","98","103.3","101  -3"
"99","Jordan Mason","MIN","6","RB33","123","106","98","124","76","94","103.5","88  +11"
"100","Jared Goff","DET","8","QB12","122","89","93","104","118","101","104.5","105  -5"
"101","Brandon Aubrey","DAL","10","K1","104","99","104","71","128","129","105.8","103  -2"
"102","Joe Mixon","HOU","6","RB34","110","75","76","64","102","209","106.0","112  -10"
"103","Denver Broncos","DST","12","DST1","96","107","106","82","127","119","106.2","104  -1"
"104","J.K. Dobbins","DEN","12","RB35","98","108","102","138","87","105","106.3","94  +10"
"105","Jauan Jennings","SF","14","WR46","115","105","119","111","104","96","108.3","102  +3"
"106","Javonte Williams","DAL","10","RB36","103","111","108","150","91","103","111.0","108  -2"
"107","Tucker Kraft","GB","5","TE11","105","116","115","116","110","108","111.7","99  +8"
"108","Zach Charbonnet","SEA","8","RB37","132","110","92","153","84","100","111.8","95  +13"
"109","Justin Herbert","LAC","12","QB13","91","104","122","123","133","107","113.3","115  -6"
"110","Michael Pittman Jr.","IND","11","WR47","92","119","94","165","111","99","113.3","116  -6"
"111","Philadelphia Eagles","DST","9","DST2","127","97","87","92","144","137","114.0","109  +2"
"112","Justin Fields","NYJ","9","QB14","118","162","114","63","126","104","114.5","107  +5"
"113","Rhamondre Stevenson","NE","14","RB38","108","130","110","129","108","102","114.5","130  -17"
"114","Austin Ekeler","WAS","12","RB39","95","123","86","146","96","147","115.5","106  +8"
"115","Colston Loveland","CHI","5","TE12","113","102","131","113","115","120","115.7","110  +5"
"116","Quinshon Judkins","CLE","9","RB40","142","79","109","98","122","154","117.3","113  +3"
"117","Keon Coleman","BUF","7","WR48","112","124","113","139","117","110","119.2","114  +3"
"118","Caleb Williams","CHI","5","QB15","111","143","120","114","112","128","121.3","129  -11"
"119","Baltimore Ravens","DST","7","DST3","114","103","111","122","167","114","121.8","128  -9"
"120","Brian Robinson Jr.","SF","14","RB41","163","90","124","102","114","149","123.7","117  +3"
"121","Jayden Reed","GB","5","WR49","126","115","134","134","119","125","125.5","125  -4"
"122","Josh Downs","IND","11","WR50","136","122","129","140","121","112","126.7","118  +4"
"123","Dalton Kincaid","BUF","7","TE13","125","113","142","128","142","124","129.0","119  +4"
"124","Drake Maye","NE","14","QB16","124","132","130","143","137","113","129.8","122  +2"
"125","Jake Bates","DET","8","K2","102","117","171","105","163","127","130.8","133  -8"
"126","C.J. Stroud","HOU","6","QB17","133","120","135","132","153","122","132.5","136  -10"
"127","Pittsburgh Steelers","DST","5","DST4","90","118","132","131","159","170","133.3","132  -5"
"128","Tank Bigsby","JAC","8","RB42","128","138","105","209","99","121","133.3","124  +4"
"129","Cameron Dicker","LAC","12","K3","119","127","157","79","150","169","133.5","126  +3"
"130","Najee Harris","LAC","12","RB43","169","146","137","118","113","126","134.8","135  -5"
"131","Kyle Pitts Sr.","ATL","5","TE14","139","112","148","130","141","140","135.0","120  +11"
"132","Nick Chubb","HOU","6","RB44","141","121","112","176","101","163","135.7","123  +9"
"133","Buffalo Bills","DST","7","DST5","153","126","127","93","154","172","137.5","138  -5"
"134","Jordan Love","GB","5","QB18","129","147","123","141","157","133","138.3","139  -5"
"135","Jake Ferguson","DAL","10","TE15","134","131","140","159","132","136","138.7","127  +8"
"136","Darnell Mooney","ATL","5","WR51","138","142","121","183","134","116","139.0","137  -1"
"137","Houston Texans","DST","6","DST6","100","139","145","144","156","155","139.8","154  -17"
"138","Jaydon Blue","DAL","10","RB45","159","144","138","155","109","142","141.2","148  -10"
"139","Rachaad White","TB","9","RB46","147","169","133","148","125","139","143.5","151  -12"
"140","Dallas Goedert","PHI","9","TE16","130","148","125","142","175","145","144.2","140"
"141","Braelon Allen","NYJ","9","RB47","158","156","126","199","105","123","144.5","121  +20"
"142","J.J. McCarthy","MIN","6","QB19","135","151","152","154","146","130","144.7","152  -10"
"143","Minnesota Vikings","DST","6","DST7","121","133","139","151","171","156","145.2","144  -1"
"144","Rashid Shaheed","NO","11","WR52","131","135","159","178","152","117","145.3","131  +13"
"145","Brandon Aiyuk","SF","14","WR53","166","140","162","127","139","138","145.3","142  +3"
"146","Chase McLaughlin","TB","9","K4","116","145","160","112","188","168","148.2","157  -11"
"147","Keenan Allen","LAC","12","WR54","120","136","151","222","130","131","148.3","141  +6"
"148","Jayden Higgins","HOU","6","WR55","143","125","166","206","136","118","149.0","145  +3"
"149","Christian Kirk","HOU","6","WR56","177","159","136","171","149","109","150.2","149"
"150","Jonnu Smith","PIT","5","TE17","185","128","181","90","155","165","150.7","162  -12"
"151","Bhayshul Tuten","JAC","8","RB48","164","172","146","163","129","132","151.0","143  +8"
"152","Marvin Mims Jr.","DEN","12","WR57","167","150","170","174","131","115","151.2","153  -1"
"153","Zach Ertz","WAS","12","TE18","156","153","116","162","170","167","154.0","164  -11"
"154","Trey Benson","ARI","8","RB49","150","158","149","230","123","134","157.3","147  +7"
"155","Trevor Lawrence","JAC","8","QB20","172","184","150","177","145","135","160.5","171  -16"
"156","Chris Boswell","PIT","5","K5","146","137","201","69","227","194","162.3","134  +22"
"157","Jerome Ford","CLE","9","RB50","152","180","147","244","116","150","164.8","156  +1"
"158","Hunter Henry","NE","14","TE19","157","170","155","172","165","179","166.3","163  -5"
"159","Adam Thielen","MIN","6","WR58","154","163","167","203","174","148","168.2","174  -15"
"160","Marquise Brown","KC","10","WR59","171","194","215","125","164","143","168.7","178  -18"
"161","San Francisco 49ers","DST","14","DST8","187","168","182","76","218","182","168.8","146  +15"
"162","Detroit Lions","DST","8","DST9","137","129","178","152","214","205","169.2","158  +4"
"163","Tyler Allgeier","ATL","5","RB51","160","190","173","184","147","162","169.3","166  -3"
"164","Ka'imi Fairbairn","HOU","6","K6","184","174","198","86","182","200","170.7","150  +14"
"165","Jake Elliott","PHI","9","K7","145","141","183","135","216","211","171.8","168  -3"
"166","Luther Burden III","CHI","5","WR60","191","152","174","210","160","144","171.8","167  -1"
"167","Green Bay Packers","DST","5","DST10","175","177","141","173","169","197","172.0","161  +6"
"168","Tyjae Spears","TEN","10","RB52","155","171","161","197","148","201","172.2","172  -4"
"169","Tua Tagovailoa","MIA","12","QB21","165","207","154","193","162","152","172.2","191  -22"
"170","Rashod Bateman","BAL","7","WR61","176","166","144","185","205","161","172.8","160  +10"
"171","Ray Davis","BUF","7","RB53","190","189","165","215","138","146","173.8","175  -4"
"172","Tyler Bass","BUF","7","K8","144","164","158","147","240","195","174.7","187  -15"
"173","Cam Ward","TEN","10","QB22","173","167","184","166","201","158","174.8","179  -6"
"174","Ollie Gordon II","MIA","12","RB54","188","175","128","248","124","189","175.3","159  +15"
"175","Harrison Butker","KC","10","K9","148","149","186","145","211","214","175.5","176  -1"
"176","Kansas City Chiefs","DST","10","DST11","186","157","179","136","212","187","176.2","169  +7"
"177","Matthew Stafford","LAR","8","QB23","162","202","169","167","187","185","178.7","189  -12"
"178","Xavier Legette","CAR","14","WR62","151","187","202","208","176","160","180.7","185  -7"
"179","Dylan Sampson","CLE","9","RB55","204","182","163","255","135","151","181.7","155  +24"
"180","Cam Little","JAC","8","K10","161","155","196","156","222","203","182.2","177  +3"
"181","Michael Penix Jr.","ATL","5","QB24","179","188","176","189","191","188","185.2","205  -24"
"182","Isaiah Likely","BAL","7","TE20","201","173","189","160","181","208","185.3","200  -18"
"183","Bryce Young","CAR","14","QB25","192","209","191","194","197","153","189.3","190  -7"
"184","Wan'Dale Robinson","NYG","14","WR63","174","205","164","249","189","166","191.2","192  -8"
"185","Tyler Loop","BAL","7","K11","178","161","206","200","226","183","192.3","201  -16"
"186","Seattle Seahawks","DST","8","DST12","140","185","197","179","236","220","192.8","217  -31"
"187","Wil Lutz","DEN","12","K12","218","198","209","133","190","225","195.5","170  +17"
"188","Darren Waller","MIA","12","TE21","181","200","194","187","208","215","197.5","211  -23"
"189","Geno Smith","LV","8","QB26","205","239","177","205","213","157","199.3","229  -40"
"190","Brenton Strange","JAC","8","TE22","209","192","187","253","193","177","201.8","195  -5"
"191","Cedric Tillman","CLE","9","WR64","168","191","203","316","178","159","202.5","181  +10"
"192","Arizona Cardinals","DST","8","DST13","210","176","217","157","224","244","204.7","194  -2"
"193","Jaylen Wright","MIA","12","RB56","189","215","210","240","204","178","206.0","234  -41"
"194","Evan McPherson","CIN","10","K13","196","186","188","188","241","238","206.2","208  -14"
"195","Kareem Hunt","KC","10","RB57","266","183","213","204","161","219","207.7","198  -3"
"196","Dallas Cowboys","DST","10","DST14","200","224","172","164","225","269","209.0","235  -39"
"197","Los Angeles Chargers","DST","12","DST15","243","237","175","158","247","199","209.8","204  -7"
"198","Washington Commanders","DST","12","DST16","212","154","205","169","243","286","211.5","206  -8"
"199","DeMario Douglas","NE","14","WR65","255","203","200","261","172","184","212.5","196  +3"
"200","Amari Cooper","LV","8","WR66","198","225","143","301","180","251","216.3","216  -16"
"201","New York Giants","DST","14","DST17","197","227","168","186","221","309","218.0","233  -32"
"202","Will Shipley","PHI","9","RB58","213","208","212","306","173","206","219.7","203  -1"
"203","Los Angeles Rams","DST","8","DST18","238","226","218","195","219","235","221.8","232  -29"
"204","New York Jets","DST","9","DST19","203","234","192","214","246","265","225.7","252  -48"
"205","Jason Sanders","MIA","12","K14","170","246","185","108","","216","185.0","183  +22"
"206","Rico Dowdle","CAR","14","RB59","","212","207","219","140","164","188.4","197  +9"
"207","Isaac Guerendo","SF","14","RB60","","195","180","198","206","176","191.0","213  -6"
"208","Matt Gay","WAS","12","K15","180","","153","182","234","217","193.2","215  -7"
"209","Tampa Bay Buccaneers","DST","9","DST20","207","218","","137","242","181","197.0","210  -1"
"210","Younghoe Koo","ATL","5","K16","195","160","193","170","","272","198.0","212  -2"
"211","Pat Freiermuth","PIT","5","TE23","199","219","","175","215","191","199.8","225  -14"
"212","Cade Otton","TB","9","TE24","194","216","","211","192","193","201.2","222  -10"
"213","Romeo Doubs","GB","5","WR67","","210","204","224","200","171","201.8","188  +25"
"214","Sam Darnold","SEA","8","QB27","202","236","","201","202","174","203.0","224  -10"
"215","New England Patriots","DST","14","DST21","149","199","","190","245","273","211.2","237  -22"
"216","Chicago Bears","DST","5","DST22","221","","214","83","250","298","213.2","165  +51"
"217","Daniel Carlson","LV","8","K17","217","197","","161","248","254","215.4","207  +10"
"218","Isaac TeSlaa","DET","8","WR68","215","196","","223","186","287","221.4","199  +19"
"219","Will Reichard","MIN","6","K18","220","223","","196","237","268","228.8","240  -21"
"220","Tre' Harris","LAC","12","WR69","","165","","168","177","141","162.8","182  +38"
"221","Brandon McManus","GB","5","K19","219","","208","207","223","305","232.4","247  -26"
"222","Jake Moody","SF","14","K20","211","222","","202","249","296","236.0","220  +2"
"223","Roschon Johnson","CHI","5","RB61","","245","211","304","230","223","242.6","226  -3"
"224","Kendre Miller","NO","11","RB62","","292","199","357","195","186","245.8","266  -42"
"225","Dalton Schultz","HOU","6","TE25","333","241","","216","235","231","251.2","244  -19"
"226","DeAndre Hopkins","BAL","7","WR70","","214","","191","151","207","190.8","236  -10"
"227","Joshua Palmer","BUF","7","WR71","","181","","235","184","175","193.8","180  +47"
"228","Chig Okonkwo","TEN","10","TE26","","179","","220","179","198","194.0","186  +42"
"229","Aaron Rodgers","PIT","5","QB28","193","229","","192","","192","201.5","221  +8"
"230","Kyle Williams","NE","14","WR72","","193","","226","217","173","202.3","202  +28"
"231","Blake Corum","LAR","8","RB63","","217","","243","209","196","216.3","219  +12"
"232","Jack Bech","LV","8","WR73","","221","","239","185","226","217.8","248  -16"
"233","Dont'e Thornton Jr.","LV","8","WR74","","178","","267","168","260","218.3","184  +49"
"234","Justice Hill","BAL","7","RB64","","244","","234","183","224","221.3","271  -37"
"235","Cincinnati Bengals","DST","10","DST23","223","","","97","251","325","224.0","173  +62"
"236","Quentin Johnston","LAC","12","WR75","","249","195","280","","180","226.0","255  -19"
"237","Tory Horton","SEA","8","WR76","374","231","","323","210","266","280.8","253  -16"
"238","Raheem Mostert","LV","8","RB65","","238","190","246","","232","226.5","223  +15"
"239","Mason Taylor","NYJ","9","TE27","","213","","270","198","228","227.3","230  +9"
"240","Jaxson Dart","NYG","14","QB29","206","228","","238","","237","227.3","243  -3"
"241","Shedeur Sanders","CLE","9","QB30","208","206","","213","","288","228.8","262  -21"
"242","Elijah Arroyo","SEA","8","TE28","","211","","272","228","210","230.3","259  -17"
"243","Woody Marks","HOU","6","RB66","","201","","339","158","227","231.3","209  +34"
"244","Alec Pierce","IND","11","WR77","","251","","256","229","204","235.0","245  -1"
"245","Anthony Richardson Sr.","IND","11","QB31","241","254","","227","","229","237.8","241  +4"
"246","Russell Wilson","NYG","14","QB32","239","278","","225","","213","238.8","258  -12"
"247","DJ Giddens","IND","11","RB67","","243","","315","196","202","239.0","228  +19"
"248","Keaton Mitchell","BAL","7","RB68","","230","","285","199","253","241.8","261  -13"
"249","Miles Sanders","DAL","10","RB69","","250","","273","239","222","246.0","268  -19"
"250","Jalen Coker","CAR","14","WR78","","232","","331","207","218","247.0","214  +36"
"251","Cole Kmet","CHI","5","TE29","224","310","","228","","233","248.8","270  -19"
"252","Kyle Monangai","CHI","5","RB70","","242","","332","143","282","249.8","249  +3"
"253","Miami Dolphins","DST","12","DST24","264","286","","217","","271","259.5","256  -3"
"254","Daniel Jones","IND","11","QB33","","325","156","310","","249","260.0","275  -21"
"255","MarShawn Lloyd","GB","5","RB71","","279","216","318","","239","263.0","264  -9"
"256","Elijah Mitchell","KC","10","RB72","","315","","254","231","252","263.0",""
"257","Noah Gray","KC","10","TE30","236","304","","241","","284","266.3",""
"258","Indianapolis Colts","DST","11","DST25","182","318","","233","","338","267.8",""
"259","Las Vegas Raiders","DST","8","DST26","227","303","","229","","318","269.3",""
"260","Brashard Smith","KC","10","RB73","","262","","380","220","230","273.0","281  -21"
"261","Joe Flacco","CLE","9","QB34","246","324","","263","","280","278.3",""
"262","New Orleans Saints","DST","11","DST27","233","305","","245","","333","279.0",""
"263","Pat Bryant","DEN","12","WR79","","240","","374","244","259","279.3","263"
"264","Justin Tucker","","","K21","216","296","","269","","354","283.8",""
"265","Zack Moss","","","RB74","258","364","","232","","281","283.8",""
"266","Trevor Etienne","CAR","14","RB75","","349","","260","232","295","284.0","272  -6"
"267","Cleveland Browns","DST","9","DST28","214","","","126","","306","215.3","193  +74"
"268","Tahj Brooks","CIN","10","RB76","","235","","435","233","257","290.0","274  -6"
"269","Jalen Milroe","SEA","8","QB35","272","307","","296","","293","292.0",""
"270","Mike Gesicki","CIN","10","TE31","","220","","265","","190","225.0","254  +16"
"271","Atlanta Falcons","DST","5","DST29","234","","","221","","236","230.3",""
"272","Terrance Ferguson","LAR","8","TE32","260","276","","358","","300","298.5",""
"273","Jarquez Hunter","LAR","8","RB77","","257","","528","203","242","307.5","280  -7"
"274","Tennessee Titans","DST","10","DST30","235","268","","268","","436","301.8",""
"275","Tyler Lockett","TEN","10","WR80","","233","","237","","256","242.0","260  +15"
"276","Tyler Conklin","LAC","12","TE33","329","358","","262","","294","310.8",""
"277","Elic Ayomanor","TEN","10","WR81","","204","","320","","221","248.3","227  +50"
"278","Cairo Santos","CHI","5","K22","183","","","218","","347","249.3",""
"279","Jalen McMillan","TB","9","WR82","","247","","231","","289","255.7","231  +48"
"280","Dontayvion Wicks","GB","5","WR83","387","319","","328","","234","317.0",""
"281","Calvin Austin III","PIT","5","WR84","","265","","277","","243","261.7",""
"282","Jaylin Noel","HOU","6","WR85","463","260","","359","","212","323.5","257  +25"
"283","Taysom Hill","NO","11","TE34","240","367","","295","","395","324.3",""
"284","Ja'Tavion Sanders","CAR","14","TE35","","267","","278","","255","266.7","279  +5"
"285","Dameon Pierce","HOU","6","RB78","","","","290","194","331","271.7","238  +47"
"286","Andrei Iosivas","CIN","10","WR86","","288","","266","","261","271.7","276  +10"
"287","Graham Gano","NYG","14","K23","232","","","251","","336","273.0",""
"288","Sean Tucker","TB","9","RB79","","","","317","238","270","275.0","265  +23"
"289","Juwan Johnson","NO","11","TE36","","300","","275","","250","275.0",""
"290","Harold Fannin Jr.","CLE","9","TE37","276","295","","436","","319","331.5",""
"291","Chris Rodriguez Jr.","WAS","12","RB80","","","","369","166","297","277.3","250  +41"
"292","Jaleel McLaughlin","DEN","12","RB81","","338","","180","","320","279.3","218  +74"
"293","Theo Johnson","NYG","14","TE38","","280","","300","","264","281.3","246  +47"
"294","Luke McCaffrey","WAS","12","WR87","248","","","307","","292","282.3",""
"295","Darius Slayton","NYG","14","WR88","","290","","311","","248","283.0","239  +56"
"296","Kirk Cousins","ATL","5","QB36","229","","","281","","340","283.3",""
"297","Michael Wilson","ARI","8","WR89","","274","","335","","246","285.0","267  +30"
"298","Adonai Mitchell","IND","11","WR90","","248","","360","","247","285.0","269  +29"
"299","Andy Borregales","NE","14","K24","254","","","279","","327","286.7",""
"300","Jalen Royals","KC","10","WR91","418","255","","447","","241","340.3","278  +22"
"301","Dawson Knox","BUF","7","TE39","226","","","247","","404","292.3",""
"302","Diontae Johnson","","","WR92","","317","","286","","277","293.3",""
"303","Dyami Brown","JAC","8","WR93","","270","","366","","245","293.7","277  +26"
"304","Troy Franklin","DEN","12","WR94","","327","","289","","275","297.0","273  +31"
"305","Blake Grupe","NO","11","K25","231","","","236","","434","300.3",""
"306","JuJu Smith-Schuster","KC","10","WR95","257","","","259","","385","300.3",""
"307","Tyler Higbee","LAR","8","TE40","","343","","283","","278","301.3",""
"308","Jacksonville Jaguars","DST","8","DST31","","323","","252","","335","303.3",""
"309","Carolina Panthers","DST","14","DST32","225","","","288","","399","304.0",""
"310","Jordan James","SF","14","RB82","","298","","336","","279","304.3",""
"311","Jameis Winston","NYG","14","QB37","265","","","321","","329","305.0",""
"312","Audric Estime","PHI","9","RB83","404","374","","349","","291","354.5",""
"313","Elijah Moore","BUF","7","WR96","271","","","303","","345","306.3",""
"314","Tyler Shough","NO","11","QB38","","312","","372","","240","308.0",""
"315","Tank Dell","HOU","6","WR97","244","","","264","","422","310.0",""
"316","Tutu Atwell","LAR","8","WR98","","351","","325","","263","313.0",""
"317","Zamir White","LV","8","RB84","228","","","356","","361","315.0",""
"318","Luke Musgrave","GB","5","TE41","252","","","346","","351","316.3",""
"319","Marquez Valdes-Scantling","SF","14","WR99","469","359","","322","","299","362.3",""
"320","Spencer Shrader","IND","11","K26","","","219","294","","443","318.7",""
"321","Joey Slye","TEN","10","K27","256","","","274","","427","319.0",""
"322","Noah Fant","CIN","10","TE42","","377","","258","","323","319.3",""
"323","Jason Myers","SEA","8","K28","","","","181","","290","235.5","242  +81"
"324","Jahan Dotson","PHI","9","WR100","230","","","291","","450","323.7",""
"325","Efton Chism III","NE","14","WR101","242","","","305","","425","324.0",""
"326","Joshua Karty","LAR","8","K29","","","","212","","262","237.0","251  +75"
"327","Dustin Hopkins","","","K30","251","","","282","","446","326.3",""
"328","KeAndre Lambert-Smith","LAC","12","WR102","270","","","384","","326","326.7",""
"329","Antonio Gibson","NE","14","RB85","378","","","297","","308","327.7",""
"330","Roman Wilson","PIT","5","WR103","","294","","361","","337","330.7","282  +48"
"331","Hunter Renfrow","CAR","14","WR104","269","","","355","","374","332.7",""
"332","A.J. Dillon","PHI","9","RB86","388","","","312","","303","334.3",""
"333","Chad Ryland","ARI","8","K31","400","","","271","","339","336.7",""
"334","Michael Mayer","LV","8","TE43","","378","","292","","341","337.0",""
"335","Christian Watson","GB","5","WR105","","333","","367","","315","338.3",""
"336","Olamide Zaccheaus","CHI","5","WR106","314","","","364","","342","340.0",""
"337","Darnell Washington","PIT","5","TE44","275","","","287","","465","342.3",""
"338","Joe Milton III","DAL","10","QB39","303","","","329","","403","345.0",""
"339","Will Dissly","LAC","12","TE45","334","","","302","","400","345.3",""
"340","Tez Johnson","TB","9","WR107","281","","","431","","330","347.3",""
"341","Devin Neal","NO","11","RB87","","272","","545","","274","363.7",""
"342","KaVontae Turpin","DAL","10","WR108","","","","242","","310","276.0",""
"343","Jalen Tolbert","DAL","10","WR109","","","","284","","276","280.0",""
"344","Devin Singletary","NYG","14","RB88","","","","257","","307","282.0",""
"345","Kayshon Boutte","NE","14","WR110","","370","","390","","304","354.7",""
"346","Jermar Jefferson","","","RB89","222","","","344","","","283.0",""
"347","Austin Hooper","NE","14","TE46","294","","","333","","445","357.3",""
"348","Mitchell Tinsley","CIN","10","WR111","278","","","405","","393","358.7",""
"349","John Metchie III","PHI","9","WR112","299","","","386","","392","359.0",""
"350","Jimmy Garoppolo","LAR","8","QB40","288","","","392","","401","360.3",""
"351","Tre Tucker","LV","8","WR113","","","","299","","285","292.0",""
"352","Joshua Dobbs","NE","14","QB41","297","","","378","","413","362.7",""
"353","Ryan Fitzgerald","CAR","14","K32","245","","","350","","","297.5",""
"354","Damien Martinez","SEA","8","RB90","432","","","408","","258","366.0",""
"355","Josh Oliver","MIN","6","TE47","291","","","324","","483","366.0",""
"356","Jimmy Horn Jr.","CAR","14","WR114","282","","","319","","","300.5",""
"357","Mason Rudolph","PIT","5","QB42","324","","","363","","421","369.3",""
"358","Darius Cooper","PHI","9","WR115","298","","","428","","384","370.0",""
"359","Nick Westbrook-Ikhine","MIA","12","WR116","","","","298","","313","305.5",""
"360","Odell Beckham Jr.","","","WR117","261","","","351","","","306.0",""
"361","Jake Bobo","SEA","8","WR118","285","","","348","","479","370.7",""
"362","Elijah Higgins","ARI","8","TE48","312","","","347","","453","370.7",""
"363","Grant Calcaterra","PHI","9","TE49","286","","","327","","","306.5",""
"364","LaJohntay Wester","BAL","7","WR119","350","","","409","","355","371.3",""
"365","Brock Wright","DET","8","TE50","277","","","345","","","311.0",""
"366","Carson Wentz","MIN","6","QB43","301","","","412","","410","374.3",""
"367","Ty Chandler","MIN","6","RB91","280","","","368","","476","374.7",""
"368","Ray-Ray McCloud III","ATL","5","WR120","","","","342","","283","312.5",""
"369","Brandin Cooks","NO","11","WR121","","","","314","","312","313.0",""
"370","Tim Patrick","JAC","8","WR122","347","","","340","","440","375.7",""
"371","Jalen Nailor","MIN","6","WR123","","","","326","","302","314.0",""
"372","Craig Reynolds","DET","8","RB92","306","","","395","","428","376.3",""
"373","Jalin Hyatt","NYG","14","WR124","307","","","425","","398","376.7",""
"374","Ty Johnson","BUF","7","RB93","","","","309","","322","315.5",""
"375","J.J. Taylor","","","RB94","250","","","383","","","316.5",""
"376","Xavier Restrepo","TEN","10","WR125","485","320","","567","","332","426.0",""
"377","Deshaun Watson","CLE","9","QB44","263","","","376","","","319.5",""
"378","Devaughn Vele","NO","11","WR126","","","","373","","267","320.0",""
"379","Malik Willis","GB","5","QB45","316","","","398","","426","380.0",""
"380","Ben Sinnott","WAS","12","TE51","","330","","477","","334","380.3",""
"381","Tanner McKee","PHI","9","QB46","332","","","403","","406","380.3",""
"382","Allen Lazard","NYJ","9","WR127","","","","341","","301","321.0",""
"383","Matthew Wright","","","K33","377","","","343","","423","381.0",""
"384","Parker Romo","","","K34","310","","","334","","","322.0",""
"385","Jordan Whittington","LAR","8","WR128","","353","","475","","324","384.0",""
"386","Samaje Perine","CIN","10","RB95","","","","308","","350","329.0",""
"387","Gardner Minshew II","KC","10","QB47","309","","","419","","430","386.0",""
"388","Caden Davis","","","K35","267","","","471","","424","387.3",""
"389","Mack Hollins","NE","14","WR129","354","","","354","","459","389.0",""
"390","Oronde Gadsden II","LAC","12","TE52","490","331","","509","","346","419.0",""
"391","Cooper Rush","BAL","7","QB48","346","","","394","","431","390.3",""
"392","Kalif Raymond","DET","8","WR130","317","","","375","","482","391.3",""
"393","Skyy Moore","SF","14","WR131","311","","","462","","402","391.7",""
"394","Luke Schoonmaker","DAL","10","TE53","315","","","389","","472","392.0",""
"395","Andre Szmyt","CLE","9","K36","305","","","539","","373","405.7",""
"396","Spencer Rattler","NO","11","QB49","","","","330","","349","339.5",""
"397","Nick Folk","NYJ","9","K37","","","","313","","369","341.0",""
"398","Jude McAtamney","NYG","14","K38","279","","","434","","473","395.3",""
"399","AJ Barner","SEA","8","TE54","","","","293","","394","343.5",""
"400","Julian Hill","MIA","12","TE55","292","","","430","","470","397.3",""
"401","Demarcus Robinson","SF","14","WR132","427","","","353","","414","398.0",""
"402","Will Howard","PIT","5","QB50","365","","","371","","458","398.0",""
"403","Adam Trautman","DEN","12","TE56","335","","","365","","","350.0",""
"404","Mitchell Trubisky","BUF","7","QB51","367","","","440","","396","401.0",""
"405","Carson Steele","KC","10","RB96","371","","","337","","","354.0",""
"406","Mac Jones","SF","14","QB52","382","","","385","","441","402.7",""
"407","Khalil Herbert","","","RB97","290","","","512","","420","407.3",""
"408","Jarrett Stidham","DEN","12","QB53","376","","","448","","388","404.0",""
"409","Kenneth Gainwell","PIT","5","RB98","","","","276","","438","357.0",""
"410","Emanuel Wilson","GB","5","RB99","","","","370","","344","357.0",""
"411","Harrison Mevis","NYJ","9","K39","237","","","478","","","357.5",""
"412","Equanimeous St. Brown","","","WR133","274","","","443","","","358.5",""
"413","Malik Washington","MIA","12","WR134","","","","406","","311","358.5",""
"414","Parker Washington","JAC","8","WR135","","","","402","","316","359.0",""
"415","Quinn Ewers","MIA","12","QB54","318","","","404","","","361.0",""
"416","Deuce Vaughn","","","RB100","357","","","400","","468","408.3",""
"417","Jake Browning","CIN","10","QB55","336","","","610","","389","445.0",""
"418","Gunnar Helm","TEN","10","TE57","295","","","481","","452","409.3",""
"419","Cam Akers","","","RB101","389","","","421","","418","409.3",""
"420","Isaiah Bond","CLE","9","WR136","353","","","558","","380","430.3",""
"421","Greg Joseph","","","K40","349","","","416","","469","411.3",""
"422","Greg Zuerlein","","","K41","330","","","410","","","370.0",""
"423","Curtis Samuel","BUF","7","WR137","442","","","362","","439","414.3",""
"424","Mitchell Evans","CAR","14","TE58","262","","","564","","484","436.7",""
"425","Scott Matlock","LAC","12","DT1","247","","","","","","247.0",""
"426","DeWayne McBride","","","RB102","249","","","","","","249.0",""
"427","Kyle Juszczyk","SF","14","RB103","","","","250","","","250.0",""
"428","Sean Culkin","","","TE59","","252","","","","","252.0",""
"429","Kyle Allen","DET","8","QB56","308","","","444","","","376.0",""
"430","Matt Barkley","","","QB57","253","","","","","","253.0",""
"431","Josh Hammond","","","WR138","","256","","","","","256.0",""
"432","Tommy DeVito","NE","14","QB58","287","","","470","","","378.5",""
"433","Josh Hokit","","","RB104","","259","","","","","259.0",""
"434","Marcus Mariota","WAS","12","QB59","","","","411","","348","379.5",""
"435","Tyquan Thornton","KC","10","WR139","360","","","399","","","379.5",""
"436","Braxton Berrios","HOU","6","WR140","259","","","596","","","427.5",""
"437","Josh Malone","","","WR141","","261","","","","","261.0",""
"438","Connor Heyward","PIT","5","TE60","375","","","387","","","381.0",""
"439","Cethan Carter","","","TE61","","263","","","","","263.0",""
"440","Savion Williams","GB","5","WR142","449","","","809","","314","524.0",""
"441","Noah Togiai","","","TE62","","266","","","","","266.0",""
"442","Mason Crosby","","","K42","268","","","","","","268.0",""
"443","Avery Williams","","","RB105","417","","","649","","352","472.7",""
"444","Tyrell Shavers","BUF","7","WR143","407","","","543","","363","437.7",""
"445","Sterling Shepard","TB","9","WR144","420","","","352","","","386.0",""
"446","Omar Bayless","","","WR145","","273","","","","","273.0",""
"447","Jordan Travis","","","QB60","273","","","","","","273.0",""
"448","Jeremy McNichols","WAS","12","RB106","","","","393","","383","388.0",""
"449","Josh Johnson","","","WR146","","277","","","","","277.0",""
"450","C.J. Ham","MIN","6","RB107","340","","","439","","","389.5",""
"451","Jha","","'Quan Jackson","","","WR147","423","","","","","356","389.5",""
"452","Jermaine Burton","CIN","10","WR148","457","379","","473","","471","445.0",""
"453","Kadarius Toney","","","WR149","358","","","423","","","390.5",""
"454","John Samuel Shenker","","","TE63","283","","","","","","283.0",""
"455","Sam Howell","PHI","9","QB61","366","","","683","","417","488.7",""
"456","Tevin Jones","","","WR150","","284","","","","","284.0",""
"457","Tyson Bagent","CHI","5","QB62","284","","","538","","","411.0",""
"458","Darrell Stewart Jr.","","","WR151","","285","","","","","285.0",""
"459","Patrick Carr","","","RB108","","287","","","","","287.0",""
"460","Austin Seibert","","","K43","416","","","","","372","394.0",""
"461","Ezekiel Elliott","","","RB109","289","","","","","","289.0",""
"462","Josh Johnson","","","RB110","","289","","","","","289.0",""
"463","Frank Gore Jr.","BUF","7","RB111","359","","","433","","","396.0",""
"464","Zach Wilson","MIA","12","QB63","343","","","663","","449","485.0",""
"465","Dalvin Cook","","","RB112","293","","","","","","293.0",""
"466","John FitzPatrick","GB","5","TE64","","337","","456","","","396.5",""
"467","Drew Lock","SEA","8","QB64","413","","","381","","","397.0",""
"468","Darrell Henderson Jr.","","","RB113","296","","","","","","296.0",""
"469","Noah Brown","WAS","12","WR152","","","","377","","419","398.0",""
"470","Stephen Sullivan","","","TE65","","297","","","","","297.0",""
"471","Kenny Pickett","LV","8","QB65","","","","388","","409","398.5",""
"472","Mo Alie-Cox","IND","11","TE66","390","","","441","","467","432.7",""
"473","Kyle McCord","PHI","9","QB66","300","","","734","","","517.0",""
"474","John Bates","WAS","12","TE67","302","","","666","","","484.0",""
"475","D.J. Montgomery","IND","11","WR153","304","","","503","","","403.5",""
"476","Seth Green","","","TE68","","308","","","","","308.0",""
"477","Eddy Pineiro","","","K44","313","","","495","","","404.0",""
"478","Travis Toivonen","","","WR154","","309","","","","","309.0",""
"479","Ja","","'Marcus Bradley","","","WR155","","311","","","","","311.0",""
"480","Daniel Bellinger","NYG","14","TE69","348","","","463","","","405.5",""
"481","Tommy Tremble","CAR","14","TE70","411","","","454","","447","437.3",""
"482","Anthony Firkser","","","TE71","","313","","","","","313.0",""
"483","Patrick Ricard","BAL","7","RB114","401","","","414","","","407.5",""
"484","Ricky White III","SEA","8","WR156","487","","","751","","328","522.0",""
"485","Zane Gonzalez","","","K45","361","","","585","","455","467.0",""
"486","Tai Felton","MIN","6","WR157","","","","532","","317","424.5",""
"487","Stetson Bennett IV","LAR","8","QB67","319","","","530","","","424.5",""
"488","Jahdae Walker","CHI","5","WR158","320","","","797","","","558.5",""
"489","Gabe Davis","","","WR159","","","","","","321","321.0",""
"490","Cade Stover","HOU","6","TE72","321","","","549","","","435.0",""
"491","Freddie Swain","","","WR160","","322","","","","","322.0",""
"492","Jacob Kibodi","","","RB115","322","","","","","","322.0",""
"493","Hendon Hooker","CAR","14","QB68","355","","","467","","","411.0",""
"494","Brett Maher","","","K46","323","","","","","","323.0",""
"495","Andy Dalton","CAR","14","QB69","409","","","437","","477","441.0",""
"496","Jaylin Lane","WAS","12","WR161","391","","","562","","432","461.7",""
"497","Brandon Allen","TEN","10","QB70","338","","","487","","","412.5",""
"498","Beaux Collins","NYG","14","WR162","325","","","722","","","523.5",""
"499","Michael Badgley","","","K47","326","","","","","","326.0",""
"500","Blake Proehl","","","WR163","","326","","","","","326.0",""
"501","Dominique Dafney","","","TE73","327","","","","","","327.0",""
"502","Lil'Jordan Humphrey","NYG","14","WR164","381","","","446","","","413.5",""
"503","Lucky Jackson","MIN","6","WR165","328","","","546","","","437.0",""
"504","Dennis Houston","TB","9","WR166","","328","","854","","","591.0",""
"505","Kenny Stills","","","WR167","","329","","","","","329.0",""
"506","Matt Prater","","","K48","345","","","484","","","414.5",""
"507","Leonard Fournette","","","RB116","439","","","","","390","414.5",""
"508","Justin Watson","HOU","6","WR168","414","","","415","","","414.5",""
"509","Jermaine Jackson","","","WR169","331","","","","","","331.0",""
"510","Josh Reynolds","NYJ","9","WR170","","","","489","","343","416.0",""
"511","David Moore","CAR","14","WR171","","","","379","","456","417.5",""
"512","Anders Carlson","","","K49","","","","401","","435","418.0",""
"513","Lenny Krieg","ATL","5","K50","","","","338","","","338.0",""
"514","John Ross","","","WR172","339","","","","","","339.0",""
"515","Kenjon Barner","","","RB117","","341","","","","","341.0",""
"516","Anthony Brown Jr.","","","QB71","341","","","","","","341.0",""
"517","Chester Rogers","","","WR173","","342","","","","","342.0",""
"518","Nathan Rourke","","","QB72","342","","","","","","342.0",""
"519","Max Duggan","","","QB73","344","","","","","","344.0",""
"520","Carl Tucker","","","TE74","","344","","","","","344.0",""
"521","Van Jefferson","TEN","10","WR174","","","","396","","448","422.0",""
"522","Theo Riddick","","","RB118","","345","","","","","345.0",""
"523","Travis Wilson","","","WR175","","346","","","","","346.0",""
"524","T.J. Pledger","","","RB119","","347","","","","","347.0",""
"525","Julio Jones","","","WR176","351","","","","","","351.0",""
"526","Robert Woods","PIT","5","WR177","","","","391","","460","425.5",""
"527","Randy Bullock","","","K51","352","","","","","","352.0",""
"528","Trey Lance","LAC","12","QB74","428","","","424","","","426.0",""
"529","Isaac Nauta","","","TE75","","354","","","","","354.0",""
"530","Isaac","Rex","","TE76","","355","","","","","355.0",""
"531","Kirk Merritt","","","WR178","356","","","","","","356.0",""
"532","Jordan Wilkins","","","RB120","","357","","","","","357.0",""
"533","George Campbell","","","WR179","","","","","","357","357.0",""
"534","Kazmeir Allen","","","WR180","","","","737","","358","547.5",""
"535","Jordan Moore","CIN","10","WR181","","","","886","","359","622.5",""
"536","Noah Cain","","","RB121","","360","","","","","360.0",""
"537","Tyler Badie","DEN","12","RB122","403","","","457","","","430.0",""
"538","Marcus Major Jr.","","","RB123","","","","793","","360","576.5",""
"539","Cole Beasley","","","WR182","","","","","","362","362.0",""
"540","Kyle Markway","","","TE77","","362","","","","","362.0",""
"541","Ben DiNucci","","","QB75","362","","","627","","","494.5",""
"542","Ross Travis","","","TE78","","363","","","","","363.0",""
"543","Tylan Wallace","BAL","7","WR183","466","","","397","","","431.5",""
"544","Devontez Walker","BAL","7","WR184","363","","","547","","","455.0",""
"545","Jalen White","","","RB124","","","","566","","364","465.0",""
"546","Raheim Sanders","CLE","9","RB125","364","","","642","","","503.0",""
"547","Robert Foster","","","WR185","","365","","","","","365.0",""
"548","Ellis Merriweather","","","RB126","","","","","","365","365.0",""
"549","Kylen Granson","PHI","9","TE79","410","","","455","","","432.5",""
"550","Cam Newton","","","QB76","","","","","","367","367.0",""
"551","Ian Book","","","QB77","497","","","","","370","433.5",""
"552","Konata Mumpfield","LAR","8","WR186","","","","","","368","368.0",""
"553","Teddy Bridgewater","TB","9","QB78","368","","","569","","","468.5",""
"554","Julius Chestnut","TEN","10","RB127","","","","464","","405","434.5",""
"555","Riley Leonard","IND","11","QB79","369","","","687","","","528.0",""
"556","Derius Davis","LAC","12","WR187","370","","","533","","","451.5",""
"557","Wendell Smallwood","","","RB128","","","","","","371","371.0",""
"558","Scotty Miller","PIT","5","WR188","422","","","449","","","435.5",""
"559","Malik Williams","","","WR189","","372","","","","","372.0",""
"560","Luke Farrell","SF","14","TE80","372","","","655","","","513.5",""
"561","Dallin Holker","","","TE81","373","","","862","","","617.5",""
"562","Zay Jones","ARI","8","WR190","437","","","583","","437","485.7",""
"563","Jalen Guyton","","","WR191","","375","","","","","375.0",""
"564","Jashaun Corbin","","","RB129","","","","692","","375","533.5",""
"565","Giovani Bernard","","","RB130","","","","","","377","377.0",""
"566","Jason Brownlee","KC","10","WR192","","","","","","378","378.0",""
"567","Rasheen Ali","BAL","7","RB131","406","","","472","","","439.0",""
"568","Jaren Hall","","","QB80","379","","","","","","379.0",""
"569","Phil Mafah","DAL","10","RB132","","","","803","","379","591.0",""
"570","Cyril Grayson Jr.","","","WR193","","380","","","","","380.0",""
"571","Cade York","","","K52","421","","","459","","","440.0",""
"572","Donovan Edwards","WAS","12","RB133","380","","","544","","","462.0",""
"573","Rob Gronkowski","","","TE82","","","","","","381","381.0",""
"574","Terrace Marshall Jr.","","","WR194","","","","511","","382","446.5",""
"575","Cam Miller","LV","8","QB81","383","","","621","","","502.0",""
"576","Dominic Lovett","DET","8","WR195","476","","","806","","407","563.0",""
"577","D.J. Williams","","","RB134","384","","","868","","","626.0",""
"578","Nikko Remigio","KC","10","WR196","385","","","540","","","462.5",""
"579","Ja'Corey Brooks","WAS","12","WR197","386","","","811","","","598.5",""
"580","Kalel Mullings","TEN","10","RB135","","","","813","","386","599.5",""
"581","Robert Griffin","III","","QB82","","","","","","387","387.0",""
"582","Thomas Fidone II","NYG","14","TE83","499","","","631","","391","507.0",""
"583","Charlie Jones","CIN","10","WR198","392","","","700","","","546.0",""
"584","Jared Wayne","HOU","6","WR199","393","","","","","","393.0",""
"585","Trent Taylor","SF","14","WR200","394","","","","","","394.0",""
"586","Davis Allen","LAR","8","TE84","395","","","531","","","463.0",""
"587","Greg Dortch","ARI","8","WR201","","","","445","","451","448.0",""
"588","Jared Wiley","KC","10","TE85","397","","","551","","","474.0",""
"589","Nick Mullens","JAC","8","QB83","","","","588","","397","492.5",""
"590","Tanner Brown","","","K53","398","","","","","","398.0",""
"591","Gus Edwards","","","RB136","399","","","603","","","501.0",""
"592","Colby Parkinson","LAR","8","TE86","","","","422","","478","450.0",""
"593","Charlie Kolar","BAL","7","TE87","443","","","458","","","450.5",""
"594","James Robinson","","","RB137","402","","","","","","402.0",""
"595","SaRodorick Thompson Jr.","","","RB138","405","","","","","","405.0",""
"596","Mecole Hardman Jr.","GB","5","WR202","489","","","417","","","453.0",""
"597","Ainias Smith","CAR","14","WR203","","","","407","","","407.0",""
"598","Sione Vaki","DET","8","RB139","433","","","474","","","453.5",""
"599","Boston Scott","","","RB140","408","","","","","","408.0",""
"600","Michael Burton","DEN","12","RB141","470","","","438","","","454.0",""
"601","Jamari Thrash","CLE","9","WR204","","","","746","","408","577.0",""
"602","Cedrick Wilson Jr.","NO","11","WR205","","","","595","","411","503.0",""
"603","Drew Sample","CIN","10","TE88","494","","","418","","","456.0",""
"604","Tommy Mellott","","","WR206","412","","","628","","","520.0",""
"605","Tyree Jackson","WAS","12","TE89","","","","820","","412","616.0",""
"606","Dillon Gabriel","CLE","9","QB84","","","","480","","433","456.5",""
"607","Trey Sermon","PIT","5","RB142","","","","515","","415","465.0",""
"608","Gavin Bartholomew","MIN","6","TE90","415","","","623","","","519.0",""
"609","Michael Carter","ARI","8","RB143","","","","662","","416","539.0",""
"610","Louis Rees-Zammit","","","RB144","419","","","","","","419.0",""
"611","Clyde Edwards-Helaire","KC","10","RB145","","","","420","","","420.0",""
"612","Ryan Tannehill","","","QB85","424","","","","","","424.0",""
"613","Keith Kirkwood","BAL","7","WR207","425","","","601","","","513.0",""
"614","E.J. Jenkins","PHI","9","TE91","","","","426","","","426.0",""
"615","Phillip Dorsett","II","","WR208","426","","","572","","","499.0",""
"616","Hunter Luepke","DAL","10","RB146","","","","427","","","427.0",""
"617","Kendrick Bourne","","","WR209","","","","442","","485","463.5",""
"618","Henry Pearson","","","RB147","429","","","","","","429.0",""
"619","Chris Brooks","GB","5","RB148","","","","429","","","429.0",""
"620","Emari Demercado","ARI","8","RB149","","","","542","","429","485.5",""
"621","Matt Ammendola","","","K54","430","","","","","","430.0",""
"622","Jake Funk","","","RB150","431","","","","","","431.0",""
"623","Ian Thomas","LV","8","TE92","435","","","496","","","465.5",""
"624","George Holani","SEA","8","RB151","","","","432","","","432.0",""
"625","Kimani Vidal","LAC","12","RB152","","","","476","","457","466.5",""
"626","Jonathan Mingo","DAL","10","WR210","491","","","525","","444","486.7",""
"627","Josh Williams","TB","9","RB153","436","","","752","","","594.0",""
"628","Robbie Chosen","SF","14","WR211","438","","","582","","","510.0",""
"629","Jeremy Ruckert","NYJ","9","TE93","440","","","522","","","481.0",""
"630","Rashaad Penny","","","RB154","441","","","","","","441.0",""
"631","Isaiah Davis","NYJ","9","RB155","","","","554","","442","498.0",""
"632","Colson Yankoff","WAS","12","TE94","444","","","787","","","615.5",""
"633","Jimmy Graham","","","TE95","446","","","","","","446.0",""
"634","Brenden Rice","","","WR212","447","","","760","","","603.5",""
"635","Travis Homer","CHI","5","RB156","448","","","501","","","474.5",""
"636","Dylan Laube","LV","8","RB157","450","","","","","","450.0",""
"637","Jackson Hawes","BUF","7","TE96","451","","","794","","","622.5",""
"638","Ben Sauls","","","K55","","","","452","","","452.0",""
"639","Jonathan Ward","","","RB158","","","","453","","","453.0",""
"640","Zach Pascal","","","WR213","453","","","587","","","520.0",""
"641","Brayden Narveson","","","K56","454","","","","","","454.0",""
"642","Jordan Watkins","SF","14","WR214","","","","645","","454","549.5",""
"643","Josh Johnson","WAS","12","QB86","473","","","482","","","477.5",""
"644","Laquon Treadwell","IND","11","WR215","456","","","579","","","517.5",""
"645","Riley Patterson","MIA","12","K57","458","","","517","","","487.5",""
"646","Tyreik McAllister","","","RB159","459","","","","","","459.0",""
"647","Alex Armah Jr.","","","RB160","460","","","","","","460.0",""
"648","Tyler Goodson","IND","11","RB161","","","","460","","","460.0",""
"649","Nathan Peterman","","","QB87","461","","","","","","461.0",""
"650","Hassan Haskins","LAC","12","RB162","","","","461","","","461.0",""
"651","Trey Palmer","NO","11","WR216","","","","536","","461","498.5",""
"652","Foster Moreau","NO","11","TE97","","","","500","","462","481.0",""
"653","Robbie Ouzts","SEA","8","TE98","462","","","556","","","509.0",""
"654","Josh Whyle","GB","5","TE99","","","","529","","463","496.0",""
"655","Trayveon Williams","CLE","9","RB163","464","","","608","","","536.0",""
"656","Chimere Dike","TEN","10","WR217","","","","812","","464","638.0",""
"657","Sincere McCormick","SF","14","RB164","","","","465","","","465.0",""
"658","Jamaal Williams","","","RB165","475","","","490","","","482.5",""
"659","Devin Duvernay","CHI","5","WR218","465","","","505","","","485.0",""
"660","Dorian Thompson-Robinson","","","QB88","","","","466","","","466.0",""
"661","Arian Smith","NYJ","9","WR219","","","","727","","466","596.5",""
"662","River Cracraft","","","WR220","467","","","","","","467.0",""
"663","Xavier Hutchinson","HOU","6","WR221","","","","468","","","468.0",""
"664","Jonathon Brooks","CAR","14","RB166","468","","","743","","","605.5",""
"665","Aidan O'Connell","LV","8","QB89","","","","469","","","469.0",""
"666","Irv Smith Jr.","HOU","6","TE100","471","","","611","","","541.0",""
"667","Darrell Daniels","","","TE101","472","","","","","","472.0",""
"668","Jalin Conyers","MIA","12","TE102","","","","","","474","474.0",""
"669","Chandler Brayboy","JAC","8","WR222","474","","","","","","474.0",""
"670","David Bell","CLE","9","WR223","","","","840","","475","657.5",""
"671","Theo Wease Jr.","MIA","12","WR224","477","","","","","","477.0",""
"672","Malik Heath","GB","5","WR225","478","","","714","","","596.0",""
"673","Terrell Jennings","NE","14","RB167","","","","479","","","479.0",""
"674","Andrew Beck","NYJ","9","TE103","479","","","822","","","650.5",""
"675","Brady Russell","SEA","8","TE104","480","","","719","","","599.5",""
"676","Nick Nash","ATL","5","WR226","","","","876","","480","678.0",""
"677","Tyler Johnson","NYJ","9","WR227","","","","508","","481","494.5",""
"678","Tanner Hudson","CIN","10","TE105","481","","","600","","","540.5",""
"679","Armani Rogers","","","TE106","482","","","","","","482.0",""
"680","Tyrod Taylor","NYJ","9","QB90","","","","483","","","483.0",""
"681","Baylor Cupp","","","TE107","484","","","769","","","626.5",""
"682","Cordarrelle Patterson","","","RB168","","","","485","","","485.0",""
"683","Jacoby Brissett","ARI","8","QB91","","","","486","","","486.0",""
"684","Brittain Brown","CHI","5","RB169","486","","","676","","","581.0",""
"685","Eric Saubert","SEA","8","TE108","","","","488","","","488.0",""
"686","Matt Corral","","","QB92","488","","","","","","488.0",""
"687","Johnny Mundt","JAC","8","TE109","","","","491","","","491.0",""
"688","Robert Tonyan","KC","10","TE110","","","","492","","","492.0",""
"689","Ashton Dulin","IND","11","WR228","492","","","823","","","657.5",""
"690","Dare Ogunbowale","HOU","6","RB170","","","","493","","","493.0",""
"691","Durham Smythe","CHI","5","TE111","493","","","594","","","543.5",""
"692","Michael Gallup","","","WR229","","","","494","","","494.0",""
"693","Tre","","' McKitty","","","TE112","495","","","830","","","662.5",""
"694","Caleb Lohner","DEN","12","TE113","496","","","805","","","650.5",""
"695","Jeff Wilson Jr.","MIA","12","RB171","","","","497","","","497.0",""
"696","Michael Pratt","","","QB93","498","","","","","","498.0",""
"697","Caden Prieskorn","","","TE114","","","","498","","","498.0",""
"698","Alec Ingold","MIA","12","RB172","","","","499","","","499.0",""
"699","Lucas Havrisik","","","K58","500","","","","","","500.0",""
"700","Mark McNamee","GB","5","K59","","","","502","","","502.0",""
"701","Jakob Johnson","HOU","6","RB173","","","","504","","","504.0",""
"702","Harrison Bryant","HOU","6","TE115","","","","506","","","506.0",""
"703","Maddux Trujillo","","","K60","","","","507","","","507.0",""
"704","Tim Jones","MIN","6","WR230","","","","510","","","510.0",""
"705","Ben Skowronek","PIT","5","WR231","","","","514","","","514.0",""
"706","Mitch Van Vooren","","","WR232","","","","516","","","516.0",""
"707","Drew Ogletree","IND","11","TE116","","","","519","","","519.0",""
"708","Skylar Thompson","PIT","5","QB94","","","","520","","","520.0",""
"709","Pierre Strong Jr.","","","RB174","","","","521","","","521.0",""
"710","Tyrion Davis-Price","","","RB175","","","","523","","","523.0",""
"711","Tre Watson","KC","10","TE117","","","","524","","","524.0",""
"712","Jalen Brooks","DAL","10","WR233","","","","526","","","526.0",""
"713","Ronnie Bell","DET","8","WR234","","","","534","","","534.0",""
"714","Payne Durham","TB","9","TE118","","","","537","","","537.0",""
"715","Nate Adkins","DEN","12","TE119","","","","541","","","541.0",""
"716","Ryan","Coe","","K61","","","","548","","","548.0",""
"717","Jacardia Wright","SEA","8","RB176","","","","550","","","550.0",""
"718","Jaheim Bell","","","TE120","","","","552","","","552.0",""
"719","Charlie Smyth","NO","11","K62","","","","553","","","553.0",""
"720","Jacob Cowing","SF","14","WR235","","","","555","","","555.0",""
"721","Kendall Milton","CIN","10","RB177","","","","557","","","557.0",""
"722","Bryce Oliver","TEN","10","WR236","","","","560","","","560.0",""
"723","Terique Owens","","","WR237","","","","561","","","561.0",""
"724","Jonathan","Kim","","K63","","","","565","","","565.0",""
"725","Case Keenum","CHI","5","QB95","","","","568","","","568.0",""
"726","Ja'Quinden Jackson","JAC","8","RB178","","","","570","","","570.0",""
"727","Nick Kallerup","SEA","8","TE121","","","","573","","","573.0",""
"728","Silas Bolden","","","WR238","","","","574","","","574.0",""
"729","Trevor Siemian","TEN","10","QB96","","","","575","","","575.0",""
"730","DeAndre Carter","CLE","9","WR239","","","","576","","","576.0",""
"731","Taylor Heinicke","","","QB97","","","","577","","","577.0",""
"732","Chris Moore","WAS","12","WR240","","","","578","","","578.0",""
"733","Nate Sudfeld","","","QB98","","","","580","","","580.0",""
"734","Tyler Boyd","","","WR241","","","","581","","","581.0",""
"735","Ketron Jackson Jr.","","","WR242","","","","584","","","584.0",""
"736","Jamal Agnew","ATL","5","WR243","","","","586","","","586.0",""
"737","Pharaoh Brown","","","TE122","","","","589","","","589.0",""
"738","Royce Freeman","","","RB179","","","","590","","","590.0",""
"739","John Kelly Jr.","","","RB180","","","","591","","","591.0",""
"740","Anthony Miller","BAL","7","WR244","","","","592","","","592.0",""
"741","Dante Pettis","","","WR245","","","","593","","","593.0",""
"742","Ross Dwelley","","","TE123","","","","597","","","597.0",""
"743","Russell Gage Jr.","SF","14","WR246","","","","598","","","598.0",""
"744","Tim Boyle","","","QB99","","","","599","","","599.0",""
"745","Trent Sherfield Sr.","DEN","12","WR247","","","","602","","","602.0",""
"746","KhaDarel Hodge","ATL","5","WR248","","","","604","","","604.0",""
"747","Phil Lutz","","","WR249","","","","605","","","605.0",""
"748","Will Grier","DAL","10","QB100","","","","606","","","606.0",""
"749","Miles Boykin","CHI","5","WR250","","","","609","","","609.0",""
"750","Trenton Irwin","","","WR251","","","","612","","","612.0",""
"751","Juwann Winfree","HOU","6","WR252","","","","613","","","613.0",""
"752","Elijah Young","","","RB181","","","","614","","","614.0",""
"753","Malik Taylor","","","WR253","","","","615","","","615.0",""
"754","Steven Sims Jr.","","","WR254","","","","616","","","616.0",""
"755","Jimmy Holiday","KC","10","WR255","","","","617","","","617.0",""
"756","Alex Bachman","LV","8","WR256","","","","618","","","618.0",""
"757","Tom Kennedy","DET","8","WR257","","","","619","","","619.0",""
"758","LeQuint Allen Jr.","JAC","8","RB182","","","","620","","","620.0",""
"759","Tyler Huntley","BAL","7","QB101","","","","622","","","622.0",""
"760","Isaiah Hodgins","","","WR258","","","","624","","","624.0",""
"761","Giovanni Ricci","","","TE124","","","","625","","","625.0",""
"762","Scotty Washington","","","WR259","","","","626","","","626.0",""
"763","KJ Hamler","","","WR260","","","","629","","","629.0",""
"764","Albert Okwuegbunam Jr.","LV","8","TE125","","","","630","","","630.0",""
"765","Laviska Shenault Jr.","","","WR261","","","","632","","","632.0",""
"766","Cody White","SEA","8","WR262","","","","633","","","633.0",""
"767","Trishton Jackson","ARI","8","WR263","","","","634","","","634.0",""
"768","Bryce Perkins","","","QB102","","","","635","","","635.0",""
"769","K.J. Osborn","","","WR264","","","","636","","","636.0",""
"770","Jalen Reagor","LAC","12","WR265","","","","637","","","637.0",""
"771","Chase Claypool","","","WR266","","","","638","","","638.0",""
"772","JaMycal Hasty","MIA","12","RB183","","","","639","","","639.0",""
"773","Charlie Woerner","ATL","5","TE126","","","","640","","","640.0",""
"774","DeeJay Dallas","CAR","14","RB184","","","","641","","","641.0",""
"775","Reggie Gilliam","BUF","7","RB185","","","","643","","","643.0",""
"776","Lawrence Cager","WAS","12","WR267","","","","644","","","644.0",""
"777","Tarik Black","","","WR268","","","","646","","","646.0",""
"778","Deon Jackson","","","RB186","","","","647","","","647.0",""
"779","Kenny Yeboah","DET","8","TE127","","","","648","","","648.0",""
"780","Patrick Herbert","JAC","8","TE128","","","","650","","","650.0",""
"781","Simi Fehoko","ARI","8","WR269","","","","651","","","651.0",""
"782","Dez Fitzpatrick","","","WR270","","","","652","","","652.0",""
"783","Davis Mills","HOU","6","QB103","","","","653","","","653.0",""
"784","Sam Ehlinger","DEN","12","QB104","","","","654","","","654.0",""
"785","Cornell Powell","","","WR271","","","","656","","","656.0",""
"786","Jacob Harris","","","TE129","","","","657","","","657.0",""
"787","Hunter Long","JAC","8","TE130","","","","658","","","658.0",""
"788","Zach Davidson","","","TE131","","","","659","","","659.0",""
"789","Kene Nwangwu","NYJ","9","RB187","","","","660","","","660.0",""
"790","Gary Brightwell","CIN","10","RB188","","","","661","","","661.0",""
"791","Dee Eskridge","MIA","12","WR272","","","","664","","","664.0",""
"792","Kyle Trask","","","QB105","","","","665","","","665.0",""
"793","Jack Stoll","NO","11","TE132","","","","667","","","667.0",""
"794","Jaret Patterson","","","RB189","","","","668","","","668.0",""
"795","Shane Zylstra","DET","8","TE133","","","","669","","","669.0",""
"796","Desmond Ridder","","","QB106","","","","670","","","670.0",""
"797","Velus Jones Jr.","NO","11","WR273","","","","671","","","671.0",""
"798","Michael Woods","II","","WR274","","","","672","","","672.0",""
"799","Greg Dulcich","MIA","12","TE134","","","","673","","","673.0",""
"800","Jelani Woods","NYJ","9","TE135","","","","675","","","675.0",""
"801","Nick Muse","","","TE136","","","","677","","","677.0",""
"802","Bailey Zappe","CLE","9","QB107","","","","678","","","678.0",""
"803","Zonovan Knight","ARI","8","RB190","","","","679","","","679.0",""
"804","Britain Covey","PHI","9","WR275","","","","680","","","680.0",""
"805","Bo Melton","GB","5","WR276","","","","681","","","681.0",""
"806","Dareke Young","SEA","8","WR277","","","","682","","","682.0",""
"807","Winston Wright","","","WR278","","","","684","","","684.0",""
"808","Kaden Davis","CLE","9","WR279","","","","685","","","685.0",""
"809","Brandon Johnson","","","WR280","","","","686","","","686.0",""
"810","Kevin Austin Jr.","NO","11","WR281","","","","688","","","688.0",""
"811","Jake Briningstool","KC","10","TE137","","","","689","","","689.0",""
"812","Braylon Sanders","","","WR282","","","","690","","","690.0",""
"813","Lucas Krull","DEN","12","TE138","","","","691","","","691.0",""
"814","Ronnie Rivers","LAR","8","RB191","","","","693","","","693.0",""
"815","Stone Smartt","NYJ","9","TE139","","","","694","","","694.0",""
"816","Tucker Fisk","LAC","12","TE140","","","","695","","","695.0",""
"817","Raheem Blackshear","","","RB192","","","","696","","","696.0",""
"818","Elijhah Badger","","","WR283","","","","697","","","697.0",""
"819","Justin Shorter","LV","8","WR284","","","","698","","","698.0",""
"820","Ajou Ajou","","","WR285","","","","699","","","699.0",""
"821","Sean Clifford","","","QB108","","","","701","","","701.0",""
"822","Key","","'Shawn Smith","","","WR286","","","","702","","","702.0",""
"823","Evan Hull","","","RB193","","","","703","","","703.0",""
"824","Will Mallory","IND","11","TE141","","","","704","","","704.0",""
"825","Zach Evans","","","RB194","","","","705","","","705.0",""
"826","Dresser Winn","","","QB109","","","","706","","","706.0",""
"827","Xavier Smith","LAR","8","WR287","","","","707","","","707.0",""
"828","Jake Haener","NO","11","QB110","","","","708","","","708.0",""
"829","Eric Gray","NYG","14","RB195","","","","709","","","709.0",""
"830","Israel Abanikanda","GB","5","RB196","","","","710","","","710.0",""
"831","Max Brosmer","MIN","6","QB111","","","","711","","","711.0",""
"832","Brayden Willis","SF","14","TE142","","","","712","","","712.0",""
"833","Zavier Scott","MIN","6","WR288","","","","715","","","715.0",""
"834","Brock Lampe","NE","14","RB197","","","","716","","","716.0",""
"835","Xavier Gipson","NYJ","9","WR289","","","","717","","","717.0",""
"836","Ben VanSumeren","PHI","9","LB1","","","","718","","","718.0",""
"837","Jordan Mims","TEN","10","RB198","","","","720","","","720.0",""
"838","Shedrick Jackson","LV","8","WR290","","","","721","","","721.0",""
"839","Princeton Fant","DAL","10","TE143","","","","723","","","723.0",""
"840","Brady Cook","NYJ","9","QB112","","","","724","","","724.0",""
"841","Marcus Yarns","","","RB199","","","","725","","","725.0",""
"842","Giles Jackson","","","WR291","","","","726","","","726.0",""
"843","Elijah Cooks","PHI","9","WR292","","","","728","","","728.0",""
"844","Blake Whiteheart","CLE","9","TE144","","","","729","","","729.0",""
"845","Thayer Thomas","","","WR293","","","","730","","","730.0",""
"846","Malik Knowles","","","WR294","","","","731","","","731.0",""
"847","JJ Galbreath","PIT","5","TE145","","","","732","","","732.0",""
"848","Johnny Lumpkin","","","TE146","","","","733","","","733.0",""
"849","Rakim Jarrett","","","WR295","","","","735","","","735.0",""
"850","Ryan Miller","TB","9","WR296","","","","736","","","736.0",""
"851","Roc Taylor","","","WR297","","","","738","","","738.0",""
"852","Max Hurleman","PIT","5","CB1","","","","739","","","739.0",""
"853","Jase McClellan","","","RB200","","","","740","","","740.0",""
"854","Casey Washington","ATL","5","WR298","","","","741","","","741.0",""
"855","Devin Leary","","","QB113","","","","742","","","742.0",""
"856","Erick All Jr.","CIN","10","TE147","","","","744","","","744.0",""
"857","Corey Kiner","SF","14","RB201","","","","745","","","745.0",""
"858","Ryan Flournoy","DAL","10","WR299","","","","747","","","747.0",""
"859","Jawhar Jordan","HOU","6","RB202","","","","748","","","748.0",""
"860","Anthony Gould","IND","11","WR300","","","","749","","","749.0",""
"861","Keilan Robinson","","","RB203","","","","750","","","750.0",""
"862","Javon Baker","PHI","9","WR301","","","","753","","","753.0",""
"863","Bub Means","NO","11","WR302","","","","755","","","755.0",""
"864","Dante Miller","NYG","14","RB204","","","","756","","","756.0",""
"865","Malachi Corley","CLE","9","WR303","","","","757","","","757.0",""
"866","Tip Reiman","ARI","8","TE148","","","","759","","","759.0",""
"867","Devin Culp","TB","9","TE149","","","","761","","","761.0",""
"868","Jarveon Howard","","","RB205","","","","762","","","762.0",""
"869","DJ Uiagalelei","LAC","12","QB114","","","","763","","","763.0",""
"870","Ben Wooldridge","","","QB115","","","","764","","","764.0",""
"871","Graham Mertz","HOU","6","QB116","","","","765","","","765.0",""
"872","Emory Jones","ATL","5","QB117","","","","766","","","766.0",""
"873","Emani Bailey","","","RB206","","","","768","","","768.0",""
"874","Austin Reed","","","QB118","","","","770","","","770.0",""
"875","Ian Wheeler","","","RB207","","","","771","","","771.0",""
"876","Cole Burgess","","","WR304","","","","772","","","772.0",""
"877","Cam Grandy","CIN","10","TE150","","","","773","","","773.0",""
"878","Brevyn Spann-Ford","DAL","10","TE151","","","","774","","","774.0",""
"879","Blake Watson","","","RB208","","","","775","","","775.0",""
"880","Thomas Yassmin","LAC","12","TE152","","","","776","","","776.0",""
"881","Isaiah Williams","CIN","10","WR305","","","","777","","","777.0",""
"882","Kedon Slovis","ARI","8","QB119","","","","778","","","778.0",""
"883","Jaden Smith","","","WR306","","","","779","","","779.0",""
"884","Mason Tipton","NO","11","WR307","","","","780","","","780.0",""
"885","Xavier Weaver","ARI","8","WR308","","","","781","","","781.0",""
"886","Jabari Small","","","RB209","","","","782","","","782.0",""
"887","Tanner Mordecai","","","QB120","","","","783","","","783.0",""
"888","Cody Schrader","LAR","8","RB210","","","","784","","","784.0",""
"889","Kameron Johnson","TB","9","WR309","","","","785","","","785.0",""
"890","Sam Hartman","WAS","12","QB121","","","","786","","","786.0",""
"891","British Brooks","HOU","6","RB211","","","","788","","","788.0",""
"892","Shawn Bowman","","","TE153","","","","789","","","789.0",""
"893","Alex Hale","","","K64","","","","790","","","790.0",""
"894","Jahmal Banks","","","WR310","","","","792","","","792.0",""
"895","Kayron Lynch-Adams","","","RB212","","","","795","","","795.0",""
"896","Deion Hankins","CHI","5","RB213","","","","796","","","796.0",""
"897","Quali Conley","","","RB214","","","","798","","","798.0",""
"898","Ahmani Marshall","CLE","9","RB215","","","","800","","","800.0",""
"899","Rivaldo Fairweather","DAL","10","TE154","","","","801","","","801.0",""
"900","Traeshon Holden","DAL","10","WR311","","","","802","","","802.0",""
"901","Courtney Jackson","SEA","8","WR312","","","","804","","","804.0",""
"902","Amar Johnson","","","RB216","","","","808","","","808.0",""
"903","Micah Bernard","","","RB217","","","","810","","","810.0",""
"904","Nick Vannett","MIN","6","TE155","","","","814","","","814.0",""
"905","Gerald Everett","","","TE156","","","","815","","","815.0",""
"906","Mike Boone","","","RB218","","","","816","","","816.0",""
"907","Malik Turner","SF","14","WR313","","","","817","","","817.0",""
"908","Myles Gaskin","","","RB219","","","","818","","","818.0",""
"909","Kelvin Harmon","","","WR314","","","","821","","","821.0",""
"910","Andy Isabella","","","WR315","","","","824","","","824.0",""
"911","Brett Rypien","CIN","10","QB122","","","","825","","","825.0",""
"912","Seth Williams","LV","8","WR316","","","","826","","","826.0",""
"913","Ihmir Smith-Marsette","NYG","14","WR317","","","","827","","","827.0",""
"914","Kawaan Baker","","","WR318","","","","828","","","828.0",""
"915","Quintin Morris","JAC","8","TE157","","","","831","","","831.0",""
"916","Feleipe Franks","ATL","5","QB123","","","","832","","","832.0",""
"917","Brandon Smith","NYJ","9","WR319","","","","833","","","833.0",""
"918","Adam Prentice","DEN","12","RB220","","","","834","","","834.0",""
"919","Shane Buechele","BUF","7","QB124","","","","835","","","835.0",""
"920","Michael Bandy","DEN","12","WR320","","","","836","","","836.0",""
"921","Sal Cannella","CLE","9","TE158","","","","837","","","837.0",""
"922","Michael Jacobson","","","TE159","","","","838","","","838.0",""
"923","Jake Tonges","SF","14","TE160","","","","839","","","839.0",""
"924","James Mitchell","CAR","14","TE161","","","","841","","","841.0",""
"925","Samori Toure","","","WR321","","","","842","","","842.0",""
"926","Teagan Quitoriano","ATL","5","TE162","","","","843","","","843.0",""
"927","Lance McCutcheon","","","WR322","","","","844","","","844.0",""
"928","Erik Ezukanma","JAC","8","WR323","","","","845","","","845.0",""
"929","Kevin Harris","","","RB221","","","","846","","","846.0",""
"930","Irvin Charles","NYJ","9","WR324","","","","847","","","847.0",""
"931","Chris Oladokun","KC","10","QB125","","","","848","","","848.0",""
"932","Ko Kieft","TB","9","TE163","","","","849","","","849.0",""
"933","Justyn Ross","","","WR325","","","","850","","","850.0",""
"934","Kendric Pryor","","","WR326","","","","851","","","851.0",""
"935","Zaire Mitchell-Paden","BAL","7","TE164","","","","852","","","852.0",""
"936","Malik Davis","DAL","10","RB222","","","","853","","","853.0",""
"937","JaQuae Jackson","LAC","12","WR327","","","","855","","","855.0",""
"938","Xavier Johnson","","","WR328","","","","856","","","856.0",""
"939","Jack Plummer","","","QB126","","","","857","","","857.0",""
"940","Brenden Bates","CLE","9","TE165","","","","858","","","858.0",""
"941","Jason Bean","","","QB127","","","","859","","","859.0",""
"942","Joshua Cephus","JAC","8","WR329","","","","860","","","860.0",""
"943","David Martin-Robinson","TEN","10","TE166","","","","863","","","863.0",""
"944","Steven Stilianos","","","TE167","","","","864","","","864.0",""
"945","John Jiles","NE","14","WR330","","","","865","","","865.0",""
"946","John Rhys Plumlee","","","QB128","","","","866","","","866.0",""
"947","Mason Pline","NO","11","TE168","","","","867","","","867.0",""
"948","Michael Wiley","","","RB223","","","","869","","","869.0",""
"949","Neal Johnson","","","TE169","","","","870","","","870.0",""
"950","Drake Stoops","","","WR331","","","","871","","","871.0",""
"951","Hayden Rucci","MIA","12","TE170","","","","872","","","872.0",""
"952","Jaelen Gill","","","WR332","","","","873","","","873.0",""
"953","Kevin Foelsch","","","TE171","","","","874","","","874.0",""
"954","Geor","","'Quarius Spivey","","","TE172","","","","875","","","875.0",""
"955","Xavier Guillory","","","WR333","","","","877","","","877.0",""
"956","Lucas Scott","BAL","7","RB224","","","","879","","","879.0",""
"957","Kelly Akharaiyi","","","WR334","","","","880","","","880.0",""
"958","Keleki Latu","BUF","7","TE173","","","","881","","","881.0",""
"959","Hal Presley","","","WR335","","","","882","","","882.0",""
"960","Jacolby George","","","WR336","","","","883","","","883.0",""
"961","Bryce Pierre","CAR","14","TE174","","","","884","","","884.0",""
"962","Jamoi Mayes","","","WR337","","","","885","","","885.0",""
"963","Rashod Owens","","","WR338","","","","887","","","887.0",""
"964","Payton Thorne","","","QB129","","","","888","","","888.0",""
"965","Luke Floriea","","","WR339","","","","889","","","889.0",""
"966","Gage Larvadain","CLE","9","WR340","","","","890","","","890.0",""
"967","Ja'seem Reed","CAR","14","WR341","","","","891","","","891.0",""
"968","Josh Kelly","HOU","6","WR342","","","","892","","","892.0",""
"969","Tyler Neville","","","TE175","","","","893","","","893.0",""
"970","Joaquin Davis","","","WR343","","","","894","","","894.0",""
"971","Jerjuan Newton","","","WR344","","","","895","","","895.0",""
"972","Kyrese Rowan","","","WR345","","","","896","","","896.0",""
"973","Zach Horton","DET","8","TE176","","","","898","","","898.0",""
"974","Jakobie Keeney-James","","","WR346","","","","899","","","899.0",""
"975","Jackson Meeks","DET","8","WR347","","","","900","","","900.0",""
""
""